model,barishal,indian_bangla,normal_bangla,puran_dhaka,sylheti
phi4_multimodal,,,,,
qwen25_omni,,,,,
qwen2_audio_direct,1.0060549588084007,1.0344207792207794,1.205972174087026,,
qwen2_audio_via_english,0.9988179669030732,0.998036871972715,1.0145699952221692,,
qwen3_asr,1.147392043565387,1.1301294635200096,1.1249301861894123,,
voxtral_mini,1.0401663832193955,0.7491770080539526,2.2795057998355595,,
